mnet_name,patch_size,pretraining_epochs,n_samples,lambda_val,sigmaRui_sq,camelyon_test_loss,camelyon_test_loss_mse,camelyon_test_loss_kl,camelyon_test_mse_rec,camelyon_test_psnr_rec,camelyon_test_ssim_rec
resnet18in,224,0,60000,1.0,0.05,7.679436984876792,5.316536277043323,2.3629007086281977,0.00021363874663074967,28.273055277983346,0.9884436666419109
resnet18bn,224,0,60000,1.0,0.05,7.3515868841012315,5.103873627662659,2.247713254188498,0.00021211991140838413,28.332235345522562,0.9884347754269839
resnet18ft,224,0,60000,1.0,0.05,10.713800117125114,8.58604717719555,2.127752941481769,0.00031767221781956324,26.79053226216634,0.9855518891165654
mobilenetv3s,224,0,60000,1.0,0.05,7.825717231541872,5.674022844257454,2.1516943938185773,0.00023794912982096623,28.10327345577876,0.9878065400570631
mobilenetv3sft,224,0,60000,1.0,0.05,9.261655099531016,7.118632183675965,2.1430229140395918,0.0002822197269500369,27.276641661802927,0.9870583167572816
resnet18in,224,0,60000,0.1,0.05,18.02279010637601,3.262654455740005,14.76013564578692,3.987352517160995e-05,38.11959854539236,0.9922018463462591
resnet18in,224,0,60000,0.1,0.05,21.518031081676483,3.4015487381952503,18.116482338905335,4.6908989136056786e-05,37.43598974084854,0.9924533276508252
resnet18ft,224,0,60000,0.1,0.05,31.816967046340306,5.924191174529493,25.89277586698532,8.545827267537713e-05,35.21008758242925,0.9913923716942469
