epoch,train_loss,train_loss_mse,train_loss_kl,train_mse_rec,train_psnr_rec,train_ssim_rec,val_loss,val_loss_mse,val_loss_kl,val_mse_rec,val_psnr_rec,val_ssim_rec
1,0.3366647134060526,0.0004106160638360384,0.37402628739673416,0.0007474003699679872,22.46410302754262,0.916126604249339,0.0002594224388900936,0.0002594224388900936,0.0013969942936288742,0.00047393634256271376,23.503859680811566,0.9417222113509973
