epoch,train_loss,train_loss_mse,train_loss_kl,train_mse_rec,train_psnr_rec,train_ssim_rec,val_loss,val_loss_mse,val_loss_kl,val_mse_rec,val_psnr_rec,val_ssim_rec
1,270.20320430412113,4290.428187634708,58.612418992824466,0.003047529365525303,27.15590059587741,0.7297115965759585,51.07314458592733,32.7540374284188,57.17951364644369,0.0008185232689696325,20.706346961816152,0.6328356970747312
