epoch,train_loss,train_loss_mse,train_loss_kl,train_mse_rec,train_psnr_rec,train_ssim_rec,val_loss,val_loss_mse,val_loss_kl,val_mse_rec,val_psnr_rec,val_ssim_rec
1,1.8173673200620761,0.00042037528057671503,2.019250365424354,0.0009518561713586195,21.830649748797665,0.921586365849486,0.00025620859335761755,0.0002508012454835959,0.0056581454957692285,0.0004874329880725175,23.283264914035797,0.9459616831243038
