patch_size,pretraining_epochs,n_samples,lambda_val,sigmaRui_sq,camelyon_test_loss,camelyon_test_loss_mse,camelyon_test_loss_kl,camelyon_test_mse_rec,camelyon_test_psnr_rec,camelyon_test_ssim_rec
224,5,60000,1.0,0.001,45.3548302377065,0.0004218893958883806,45.35440832901001,0.0008431559554373961,20.942095381657282,0.9681964116692543
224,5,60000,0.05,0.001,45.52218218676249,0.16678369155603773,45.35539848232269,0.0008332949607368694,20.986728564421337,0.9684384347299735
224,1,60000,0.005,0.05,58.540515339215595,0.8172795647817354,57.723235784848534,4.019360978982907e-05,36.35717511208852,0.9930795258333286
224,0,60000,0.005,0.001,56.26570466391246,7.730454323867956,48.53525034268697,0.0003858717733855883,24.24493562825521,0.9810381109813849
