patch_size,pretraining_epochs,n_samples,theta_val,sigmaRui_sq,camelyon_test_loss,camelyon_test_loss_mse,camelyon_test_loss_kl,camelyon_test_mse_rec,camelyon_test_psnr_rec,camelyon_test_ssim_rec
224,0,60000,0.0,0.05,0.0007363715561496065,0.0007363715561496065,0.0,0.0007357189186895993,22.552444027900695,0.8457053351600965
224,0,60000,0.5,0.05,28.545631344000498,0.0004233752812288003,28.54520796855291,0.0008461165036690848,20.999089886903764,0.9669368839164575
224,0,60000,0.75,0.05,21.410034433523816,0.0005465595468479781,21.40948787196477,0.0020567780652515164,17.634794394334158,0.8831503659238418
224,0,60000,0.9,0.05,0.006683561820493196,0.002362334314208662,0.004321227505410964,0.023111579108129564,5.824536041364074,0.25959112197595335
224,0,60000,0.99,0.05,0.0019506848844745642,0.0002328402739046093,0.001717844611134524,0.023116079219840078,5.822108282625675,0.2596288361561795
