patch_size,pretraining_epochs,n_samples,lambda_val,camelyon_test_loss,camelyon_test_loss_mse,camelyon_test_loss_kl,camelyon_test_mse_rec,camelyon_test_psnr_rec,camelyon_test_ssim_rec
224,5,60000,1.0,45.354942540295916,0.0005342754098866863,45.354408264160156,0.0010677143673790853,28.43944892185529,0.9370267409741878
224,5,60000,0.05,45.52207523848216,0.16667895265438903,45.35539628499349,0.0008327698753775621,27.07447096271515,0.9350762284010649
