patch_size,pretraining_epochs,n_samples,theta_val,sigmaRui_sq,camelyon_test_loss,camelyon_test_loss_mse,camelyon_test_loss_kl,camelyon_test_mse_rec,camelyon_test_psnr_rec,camelyon_test_ssim_rec
224,0,60000,0.0,0.05,4.6487906199975747e-05,4.6487906199975747e-05,43.09891082509359,4.6406952073311915e-05,37.25707975927989,0.9924253888477882
224,0,60000,1.0,0.05,3.374948967367194e-06,0.008311418742048165,3.374948967367194e-06,0.009582168208949346,12.29398833211263,0.1936629130607471
