patch_size,pretraining_epochs,n_samples,lambda_val,wssb_Lung_test_loss,wssb_Lung_test_loss_mse,wssb_Lung_test_loss_kl,wssb_Lung_test_psnr_rec,wssb_Lung_test_ssim_rec,wssb_Lung_test_psnr_gt_h,wssb_Lung_test_psnr_gt_e,wssb_Lung_test_ssim_gt_h,wssb_Lung_test_ssim_gt_e,wssb_Breast_test_loss,wssb_Breast_test_loss_mse,wssb_Breast_test_loss_kl,wssb_Breast_test_psnr_rec,wssb_Breast_test_ssim_rec,wssb_Breast_test_psnr_gt_h,wssb_Breast_test_psnr_gt_e,wssb_Breast_test_ssim_gt_h,wssb_Breast_test_ssim_gt_e,wssb_Colon_test_loss,wssb_Colon_test_loss_mse,wssb_Colon_test_loss_kl,wssb_Colon_test_psnr_rec,wssb_Colon_test_ssim_rec,wssb_Colon_test_psnr_gt_h,wssb_Colon_test_psnr_gt_e,wssb_Colon_test_ssim_gt_h,wssb_Colon_test_ssim_gt_e
224,5,60000,1.0,65.1304121017456,5.899194214483335e-05,65.13035376866658,39.8392326037089,0.9707898572087288,-5.078928152720134,-3.8671907782554626,0.20703022057811418,0.3297894721229871,65.1304121017456,5.899194225852019e-05,65.13035376866658,39.8392326037089,0.970789854725202,-5.078927993774414,-3.867190827926,0.20703021933635077,0.3297894721229871,65.1304121017456,5.89919422964158e-05,65.13035376866658,39.8392326037089,0.970789854725202,-5.078927894433339,-3.867190803090731,0.20703021933635077,0.3297894721229871
224,5,60000,0.05,64.22119029362996,0.020075693910863873,64.20111401875813,40.03829073905945,0.972735288242499,-4.899960642059644,-3.9751078138748803,0.20636257963875929,0.33007907525946695,64.22119029362996,0.020075693891461317,64.20111401875813,40.03829073905945,0.972735288242499,-4.899960656960805,-3.9751067707935968,0.2063625818118453,0.33007907898475725,64.22119029362996,0.020075693833253656,64.20111401875813,40.038290898005165,0.9727352932095528,-4.899960562586784,-3.975107158223788,0.20636257963875929,0.33007907898475725
