patch_size,pretraining_epochs,n_samples,theta_val,sigmaRui_sq,wssb_Lung_test_loss,wssb_Lung_test_loss_mse,wssb_Lung_test_loss_kl,wssb_Lung_test_mse_rec,wssb_Lung_test_psnr_rec,wssb_Lung_test_ssim_rec,wssb_Lung_test_mse_gt_h,wssb_Lung_test_mse_gt_e,wssb_Lung_test_psnr_gt_h,wssb_Lung_test_psnr_gt_e,wssb_Lung_test_ssim_gt_h,wssb_Lung_test_ssim_gt_e,wssb_Breast_test_loss,wssb_Breast_test_loss_mse,wssb_Breast_test_loss_kl,wssb_Breast_test_mse_rec,wssb_Breast_test_psnr_rec,wssb_Breast_test_ssim_rec,wssb_Breast_test_mse_gt_h,wssb_Breast_test_mse_gt_e,wssb_Breast_test_psnr_gt_h,wssb_Breast_test_psnr_gt_e,wssb_Breast_test_ssim_gt_h,wssb_Breast_test_ssim_gt_e,wssb_Colon_test_loss,wssb_Colon_test_loss_mse,wssb_Colon_test_loss_kl,wssb_Colon_test_mse_rec,wssb_Colon_test_psnr_rec,wssb_Colon_test_ssim_rec,wssb_Colon_test_mse_gt_h,wssb_Colon_test_mse_gt_e,wssb_Colon_test_psnr_gt_h,wssb_Colon_test_psnr_gt_e,wssb_Colon_test_ssim_gt_h,wssb_Colon_test_ssim_gt_e
224,0,60000,0.0,0.05,8.996711585496087e-05,8.996711585496087e-05,37.81767559051514,8.965214146883227e-05,29.406646251678467,0.9889632016420364,0.07378602214157581,0.022177781676873565,17.256044387817383,15.924976110458374,0.6433929800987244,0.952932208776474,0.00013425533446328095,0.00013425533446328095,40.290466944376625,0.00013383695477386937,30.2728214263916,0.970884253581365,0.18219946697354317,0.1262961228688558,11.032692591349283,11.214163939158121,0.41094429790973663,0.8045680522918701,0.0002694408852091458,0.0002694408852091458,41.20512826102121,0.0002691107880049718,25.970821925571986,0.984326149736132,0.12092948917831693,0.038592402690223286,14.448575905391149,13.205371924809047,0.6380957620484489,0.6217819281986782
224,0,60000,1.0,0.05,2.848977267742157,0.007929987274110317,2.848977267742157,0.00378434790764004,13.11153507232666,0.14962396025657654,0.0743986964225769,0.013853258336894214,10.698733806610107,12.120434761047363,0.41517988592386246,0.9816562235355377,2.954629421234131,0.006197220762260258,2.954629421234131,0.005712924719167252,13.009531021118164,0.16525462518135706,0.19469480713208517,0.11468491330742836,7.47407603263855,9.26451826095581,0.41682806611061096,0.9060974518458048,0.4347065027270998,0.006331737386062741,0.4347065027270998,0.004516512737609446,12.75639363697597,0.17236111792070524,0.1266173374439989,0.03380276621984584,7.755830730710711,10.251325607299805,0.4368605124098914,0.815823746579034
